{
    "removed_num": [
        20,
        40,
        60,
        80,
        100,
        120,
        140,
        160,
        180,
        200,
        220,
        240,
        260,
        280,
        300,
        320
    ],
    "subgraph_size": [
        249,
        153,
        56,
        17,
        5,
        5,
        2,
        2,
        1,
        1,
        1,
        1,
        1,
        1,
        1,
        1
    ],
    "subgraph_length": [
        4.21693224510947,
        6.643274853801169,
        6.514935064935065,
        3.801470588235294,
        2.0,
        2.0,
        1.0,
        1.0,
        0,
        0,
        0,
        0,
        0,
        0,
        0,
        0
    ]
}