{
    "removed_num": [
        20,
        40,
        60,
        80,
        100,
        120,
        140,
        160,
        180,
        200,
        220,
        240,
        260,
        280,
        300,
        320,
        340,
        360
    ],
    "subgraph_size": [
        313,
        293,
        261,
        242,
        220,
        178,
        167,
        149,
        127,
        99,
        81,
        67,
        53,
        43,
        29,
        17,
        9,
        1
    ],
    "subgraph_length": [
        2.7566969771442613,
        2.7827154144653794,
        2.8159740642499265,
        2.7967490826789203,
        2.8121627231216273,
        2.600710975687171,
        2.60435754996032,
        2.623526210774533,
        2.5988001499812525,
        2.629148629148629,
        2.623456790123457,
        2.5834464043419265,
        2.7060957910014514,
        2.4562569213732006,
        2.4334975369458127,
        2.463235294117647,
        1.8055555555555556,
        0
    ]
}